date,HIS_all_norm,HIS_all_norm_MA12,HIS_threats_norm,HIS_threats_norm_MA12,HIS_acts_norm,HIS_acts_norm_MA12
1997-01,89.14851077391711,126.0387551749544,92.05970649477318,116.6693007140612,89.62342215621723,122.8991623656747
1997-02,75.52916266078194,115.5737548695936,68.98577296720994,106.126251653678,73.21968109737819,115.5664393688991
1997-03,72.4388136704748,108.3849468178898,55.39976935591042,97.6884441283484,82.31979695075069,109.9563334728098
1997-04,92.44232501344905,107.7153011378713,85.58579776847036,98.38911542404855,95.03105648697665,109.9441918282756
1997-05,88.79145651475298,103.8540085416374,94.03422450776081,96.04530048868583,94.01029232782886,106.133226761088
1997-06,47.45917743516416,94.10019208693002,45.2762521772812,87.527001395536,51.02569467243502,97.11420385241394
1997-07,95.10045290371878,95.27265165808895,83.92580269460996,87.88108373326793,103.2289974079481,99.70297614763639
1997-08,159.511064179662,95.34816517370267,125.1342250876889,86.05537383387264,186.638857438553,100.6128633573093
1997-09,127.0919468087411,97.83334838873573,110.7909524468923,87.74343789855298,146.7004367152088,103.352033197937
1997-10,69.83564557263591,92.64218965314382,72.01589585039302,84.73914359565775,66.94164598212762,97.24203575141723
1997-11,71.35914098699155,90.99275008354881,73.76415035491331,83.60267219274944,69.96246055609112,95.83766166133289
1997-12,88.486004093452,89.76614171781178,78.48520606531166,82.12147964760125,98.2449851313486,96.41227724357198
1998-01,34.02417149581936,85.17244677797031,27.75574633372908,76.76281630084758,38.29698284287888,92.13507396746046
1998-02,56.80983593195288,83.61250288390121,48.23019688345314,75.03318496053451,65.52353243962902,91.49372824598136
1998-03,53.74768672868342,82.05490897208526,40.58730546939886,73.79881296999189,58.04233596395639,89.47060649708185
1998-04,77.7136753518667,80.82752150028674,76.27347811553133,73.02278633224697,78.33327028589572,88.07912431365843
1998-05,45.53870009641188,77.22312513209164,31.34438595622292,67.79863311961881,39.03457662396195,83.49781467166952
1998-06,39.64408730530136,76.57186762126973,46.23649397574317,67.87865326949064,39.90295281500553,82.57091951688373
1998-07,45.88119528812414,72.47026281997019,30.43298480474332,63.42091844533508,49.7904520098944,78.11770740037926
1998-08,39.8115515944038,62.49530343786534,34.62073128421583,55.87812729504566,44.73369070473574,66.29227683922782
1998-09,33.00438073037472,54.65467293133481,36.77988335064384,49.71053820369162,35.51619650307224,57.02692348821643
1998-10,50.97468967386437,53.08292660643718,43.56355645636607,47.33950992085605,56.64058295151133,56.16850156899842
1998-11,34.48419623724347,50.01001454395817,24.76473060501338,43.25622494169772,39.65224531987313,53.64265029931358
1998-12,44.11479927900894,46.31241414275459,35.15867698094576,39.64568085133389,42.45787651826539,48.99372458155665
1999-01,55.81069760930569,48.12795798554512,50.75806187810503,41.56254048003189,55.30988950072003,50.41146680304342
1999-02,65.03190744482468,48.81313061161777,55.90662476468925,42.20224280346823,71.88352801387629,50.94146643423068
1999-03,133.2195075617155,55.43578234770377,123.3887206584633,49.10236073589027,146.3049583616484,58.29668496737168
1999-04,69.0636405952324,54.71494611798425,70.33200777859815,48.60723820781251,74.64853924206982,57.98962404705285
1999-05,102.8392002674406,59.48998779890331,102.1763962616912,54.50990573326819,127.9203587275493,65.39677255568513
1999-06,104.5215731778167,64.89644495494626,100.6041723315205,59.04054559624964,133.8516204089297,73.22582818851214
1999-07,48.61649873260501,65.124386908653,28.869902407552,58.91028872981702,45.62216626449281,72.878471043062
1999-08,44.34163229610196,65.50189363379451,40.54648038021534,59.40410115448364,37.87076968369986,72.30656095797569
1999-09,54.34690577189703,67.28043738725471,50.8881033405379,60.57978615364149,60.08756187695992,74.354174739133
1999-10,48.75327511239445,67.0953195071322,39.14981572311973,60.21197442587096,49.07162123333111,73.72342792928464
1999-11,57.78817584687788,69.03731780793507,56.00422313616767,62.81526547013382,52.83680557774903,74.82214128410763
1999-12,43.88185551562485,69.01790582765307,40.8432019145112,63.28897588126427,50.01911303672476,75.45224432731258
2000-01,88.54279002646435,71.74558019574962,102.8249267595213,67.62788128804895,94.87069005236397,78.74897770661624
2000-02,60.54956458716214,71.37205162427774,65.32483524672286,68.41273216155176,67.353085201838,78.37144080561306
2000-03,91.28583027528938,67.87757851707556,83.71013903020247,65.10618369253002,107.5443889587538,75.14139335537183
2000-04,119.2317125487157,72.05825117986583,137.4693298372706,70.70096053075274,135.0481782793895,80.17469660848181
2000-05,136.8146961551038,74.88954250383777,144.7321076083606,74.24726980964185,152.7370450508105,82.24275380208691
2000-06,91.21320162101783,73.7805115407712,95.82373985504866,73.84890043660253,95.34824227108716,79.0341389572667
2000-07,74.56873572523884,75.94319795682402,85.19100834993908,78.54232593180146,58.52607040504088,80.10946430231238
2000-08,73.8369483065151,78.40114095769178,67.7628420266493,80.8103560690043,79.27368986187257,83.55970765049342
2000-09,68.83076784218176,79.60812946354885,64.82384760090089,81.97166809070121,66.17391985505947,84.0669041486684
2000-10,77.06461563039213,81.96740784004864,87.60978397373621,86.00999877825258,73.79425741064935,86.12712383011159
2000-11,105.2152517047568,85.91966416153855,114.0525736838778,90.84736132389509,118.8244373058621,91.62609314078766
2000-12,63.00222724024489,87.51302847192356,68.38856843729071,93.14280853412673,58.06865916037211,92.2968886510916
2001-01,61.38394483775073,85.2497913728641,56.26420216370101,89.2627481511417,59.55373200838396,89.35380881409328
2001-02,69.59240092578791,86.00336106774957,74.87410547600273,90.05852067024834,72.36788098595349,89.77170846276958
2001-03,67.72575580684462,84.0400215287125,54.838290908929,87.65253332680889,70.75177387281353,86.70565720560789
2001-04,57.14761151530775,78.86634644259517,66.39052446830416,81.72929954606168,53.1323450592889,79.87933777059949
2001-05,47.44482239684798,71.41885696274053,49.28430559537176,73.77531604497928,51.27761660992802,71.42438540052596
2001-06,90.51444564190064,71.36062729781409,73.4941685386281,71.91451843527757,98.43076551449307,71.68126233747645
2001-07,86.598219039563,72.36308424067444,71.37971551106331,70.76357736537125,89.97541443616186,74.30204100673653
2001-08,53.43765780455216,70.66314336551086,36.84825248604542,68.18736157032093,58.19532874396902,72.5455109135779
2001-09,43.22954373617119,68.5297080233433,45.45901040641604,66.5736251374472,49.5356353130483,71.15898720174364
2001-10,58.44038697477482,66.97768896870853,55.60556288528142,63.9066067134093,63.91247752172224,70.33550554433305
2001-11,73.64417086288985,64.34676556521963,69.07488509295572,60.15846599749911,89.48874910602791,67.89086486101353
2001-12,124.2369215174316,69.44965675498518,116.4953474743963,64.16736425059125,149.4264081125172,75.50401060702563
2002-01,102.7109514037787,72.89357396882085,102.3526816384198,68.00807087348447,120.9148532586448,80.61743737788069
2002-02,73.39570904016891,73.21051631168594,63.25071169780666,67.03945472530147,78.00173203986247,81.08692496570644
2002-03,85.21228134708235,74.66772677337242,81.00464976844854,69.21998463026144,91.91084050378822,82.85018051828767
2002-04,63.27365763542681,75.17823061671567,53.94880093142637,68.18317433552163,63.52024398582847,83.71583876216597
2002-05,72.9435815202409,77.30312721033174,66.88028628614299,69.64950605975255,72.00949841455059,85.44349557921784
2002-06,75.59005824004817,76.05942826017737,78.26554663212829,70.04712090087757,79.23503496393629,83.84385136667144
2002-07,92.78629843007076,76.57510154271968,78.41694553651364,70.63355673633177,113.0091055332701,85.76332562476381
2002-08,72.76585754174604,78.18578485415252,70.68860522899062,73.4535861315772,77.34744574918051,87.3593353751981
2002-09,65.33762322592132,80.02812481163168,49.76634290936926,73.81253050682331,76.94475849204463,89.64342897344778
2002-10,81.19341549237224,81.92421052143148,86.87287498590082,76.41813984854159,88.4037802419971,91.68437086680403
2002-11,97.38385487690125,83.9025175225991,109.4687057135918,79.78429156692793,83.95462111425482,91.22319353415627
2002-12,104.4043796422402,82.24980569966647,110.9444727311475,79.3217186716572,114.1852500146229,88.28643035933175
2003-01,73.40498696912017,79.80764199677826,64.43744087532026,76.16211527473223,89.23553883928584,85.64648749105184
2003-02,57.62964991951962,78.49380373672415,64.64188772130593,76.27804661002384,60.37609229844976,84.17768417926744
2003-03,47.48679088053515,75.35001286451188,50.46145567828032,73.73278043584315,53.55845899167301,80.98165238659116
2003-04,76.83344605166334,76.4799952325316,76.52398832300211,75.61404605180779,88.31748493729623,83.04808913254682
2003-05,61.39579372935282,75.51767958329093,59.23463837519053,74.97690872589509,60.10993383902019,82.0564587512526
2003-06,76.3189857932136,75.57842354605471,71.61212364472665,74.42245681027829,74.7841157836328,81.68554881956065
2003-07,75.68155994687964,74.15302867245545,53.93031518131215,72.38190428067816,82.04430821803825,79.10514904329135
2003-08,77.60791754938924,74.55653367309237,53.14163736748344,70.91965695888591,83.79894074276719,79.64277362609023
2003-09,73.96786755182205,75.27572070025077,66.77920288289879,72.33739529001336,79.25413954366927,79.83522204705895
2003-10,64.03964495514413,73.84623982214843,55.34987332456838,69.71047848490231,76.44929481752212,78.83901492835271
2003-11,77.00663699901263,72.14813833232438,73.23235189881281,66.69078233367074,88.8307291929927,79.24535726824752
2003-12,103.2182497362761,72.04929417349403,126.5408433433881,67.99047988469079,124.4888024658747,80.10398663918518
2004-01,151.4243427914958,78.550907158692,179.7434278643298,77.59931213377492,187.624524852184,88.30306880692667
2004-02,646.4213135832255,127.6168791306675,753.6685239744443,135.0181984882031,708.5292852427172,142.3158348856156
2004-03,679.4409862655752,180.2797287460875,713.8213827739146,190.2981924128393,736.8083559003702,199.2533262946737
2004-04,188.8917666681203,189.6179221307923,199.1312636415043,200.5154653560478,192.0773106024529,207.8999784334368
2004-05,229.0284409236294,203.587309396982,203.0971961327679,212.5040118358459,231.4627826247428,222.1793824989137
2004-06,153.7877704068031,210.0430414481144,115.3562364658546,216.1493545709399,161.2074906131803,229.381330401376
2004-07,132.7591781857523,214.7995096346872,104.1864785232453,220.3373681827677,142.7497369609118,234.4401161299488
2004-08,77.16249952919586,214.7623914663377,67.23192812253005,221.5115590790216,83.33325005709031,234.4013085728091
2004-09,85.59094317973582,215.7309811019972,78.03794485761125,222.4497875769143,97.00200676034424,235.8802975075319
2004-10,135.5941522568429,221.6938567104721,130.8102964169648,228.7381561679473,152.0613245909302,242.1812999886493
2004-11,119.8507218780703,225.2641971170602,116.2457587996611,232.322606743018,125.5624189328155,245.2422741336345
2004-12,120.2074953422358,226.6799675842235,114.6965017783118,231.3355782792617,125.6388250640852,245.3381093501521
2005-01,116.1549832098783,223.7408542857554,82.33120786403782,223.2178932792374,111.5692887442085,239.0001730078208
2005-02,106.0582595617292,178.7105997839641,81.67620943870476,167.2185337345924,114.5802115888509,189.5044168699986
2005-03,143.8374291966121,134.0769700282171,132.5097554043369,118.7758981204609,173.8238530086997,142.5890416290261
2005-04,154.7518859020207,131.2319799643755,143.4536865853471,114.1361000324478,171.7962667056092,140.8989546376224
2005-05,145.4170725035402,124.2643659293681,121.0976152996272,107.3028016296861,165.7772333329038,135.4251588633025
2005-06,183.7550392961337,126.7616383368123,198.5731595616536,114.2375452210027,200.6224794989366,138.7097412704489
2005-07,99.62400660542919,124.000374038452,108.9098238395783,114.6311573306971,105.4795399407573,135.6038915187693
2005-08,92.30683059712058,125.2624016274457,64.43619707736099,114.3981797435996,91.88928648945101,136.3168945547993
2005-09,88.66006883366681,125.5181620986067,81.96264865651412,114.7252383935082,93.95243450166527,136.0627635332428
2005-10,103.8108769606444,122.8695558239234,93.4246648362473,111.6097690951151,91.74314719896147,131.0362487505787
2005-11,97.59478888797891,121.0148947414158,66.6574077184583,107.4774065050149,100.0831244981307,128.912974214355
2005-12,167.2841595426467,124.9379500914501,121.5185227972858,108.045908256596,194.223521289797,134.6283655664976
2006-01,190.214270999945,131.109557407289,159.6058294002887,114.4854600512836,235.2309879518903,144.9335071671378
2006-02,302.1689129289909,147.4521118545608,358.7259573574892,137.5729390445156,301.0437761299896,160.472137545566
2006-03,106.5745987423952,144.346875983376,93.85345472998019,134.3515806549859,92.64873090824342,153.7075440371947
2006-04,104.1181954489662,140.1274017789548,92.2448423785048,130.0841769710824,96.28944394225685,147.4153088069153
2006-05,85.83041975039332,135.1618473828592,80.90045330425929,126.7344134714684,87.95206280407982,140.9298779295133
2006-06,95.92018944785491,127.8422765621693,90.63128747720882,117.7392574644313,103.9566567606355,132.8743927013215
2006-07,102.8960928905519,128.1149504192629,108.6110400660124,117.7143588166342,116.4903361531206,133.7919590523518
2006-08,76.24482611405732,126.7764500456743,59.0259989119866,117.2635089695196,94.22355371072739,133.9864813207915
2006-09,76.52499201020949,125.7651936437195,85.02659271715693,117.5188376412399,85.94760416699442,133.3194121262356
2006-10,69.65181184913102,122.9186048844267,66.2049189426119,115.2505254834369,76.89113155026652,132.081744155511
2006-11,77.67793196949718,121.2588668078866,67.87443722647573,115.351944609105,85.22195123606006,130.8433130503385
2006-12,118.4256318204952,117.1873228310406,118.7039558070808,115.1173973599213,128.1490656019743,125.3371084096866
2007-01,85.0928135214198,108.4272013744969,89.08358975298913,109.2405440559796,96.57706639669995,113.782614946754
2007-02,100.808678610325,91.64718184794138,83.97469529310597,86.34460555061439,115.7788405605386,98.34387031596646
2007-03,69.91501780908878,88.59221677016585,57.32755491732817,83.3007805662267,68.90606936549565,96.36531518740414
2007-04,69.30595285334962,85.69119655386447,62.9182029787414,80.85689394957977,60.54694816507594,93.38677387263907
2007-05,88.4613389180065,85.91043981783223,80.68567570384675,80.83899581621205,101.1023123904896,94.4826280048399
2007-06,70.93167947578515,83.82806398682641,59.67185728562353,78.2590433002466,71.22795639982945,91.75523630810603
2007-07,71.29843708276883,81.19492600284448,56.60121794089316,73.92489145648668,69.57945026905738,87.84599581776745
2007-08,41.64406350033767,78.31152911836786,33.36515244703649,71.7864875844075,38.24592483650947,83.18119341158261
2007-09,62.29810609480516,77.12595529208416,64.10331687273913,70.04288126403934,63.9920937026025,81.35156753954996
2007-10,73.93572657158074,77.48294818562164,70.51865290415753,70.40235909416815,78.04233867158321,81.44750146632634
2007-11,57.20843396598234,75.77715668532873,46.91377707621411,68.6556374149797,50.13644675353719,78.52370942611611
2007-12,61.06601523487956,70.99718863652744,57.61377903321681,63.56478935049102,54.62710685488692,72.39687953052548
2008-01,42.16222973305548,67.41963998749708,40.17007513722594,59.48866313251074,39.18833673339598,67.61448539191683
2008-02,62.4938665392545,64.22673898157453,59.46836027986754,57.44646854807421,62.20339433240662,63.14986487290583
2008-03,78.3510027720631,64.92973772848906,52.03691358716229,57.00558177056039,77.32285188624066,63.85126341630124
2008-04,255.3251496365097,80.43133746041907,305.5043527031067,77.22109424759084,315.3531699238268,85.08511522953047
2008-05,164.2565311064378,86.74760347612168,167.9381935008048,84.49213739733734,183.4367790127015,91.94632078138147
2008-06,100.9358731326914,89.24795294753052,99.78492272251972,87.83489285041202,116.499995526562,95.71899070860917
2008-07,90.36902057751102,90.83716823875905,77.44027026192146,89.57148054383104,102.6410916613944,98.47412749130393
2008-08,58.09228010532406,92.20785295584125,39.64973794150403,90.09519600170334,65.76721279950371,100.7675681548868
2008-09,44.51314240232704,90.72577264813475,42.53244757412035,88.29762356015179,46.32045753392214,99.29493180749675
2008-10,43.54405618309656,88.19313344909438,31.52038131514327,85.04776759440058,43.40095383217956,96.40814973754645
2008-11,80.69013417637107,90.14994179996012,66.04660932449187,86.64217028175706,101.2557437343126,100.6680911526111
2008-12,72.10777457110031,91.07008841131183,53.01488000892869,86.25892869639972,75.31335193456796,102.3919449092512
2009-01,44.44686478359838,91.26047466552374,25.55860304727553,85.0413060222372,40.99225503939903,102.5422714347514
2009-02,44.93250151248476,89.7970275799596,33.49352514926341,82.87673642802018,42.25269778333013,100.879713388995
2009-03,55.99788979791334,87.93426816544712,34.17688853844928,81.38840100729409,55.68618064376189,99.07665745212181
2009-04,86.21791443800434,73.84199856557167,75.03261502400142,62.18242286736865,81.54894323049436,79.5929718943441
2009-05,80.15343907222113,66.83340756272028,62.3976681867837,53.38737909120022,93.9999540210146,72.13990314503685
2009-06,69.51163722942778,64.21472123744832,64.74265314176357,50.46718995947055,78.02607495275979,68.93374309722002
2009-07,76.1714091605591,63.03158695270232,73.81995594613932,50.16549709982204,80.09167894697671,67.05462537101853
2009-08,41.84435154665258,61.67759290614637,35.20190403152269,49.79484427399026,42.96672904859359,65.15458505844269
2009-09,64.37919132459533,63.33309698300206,43.97109777688916,49.91473179088766,66.47595679500422,66.83420999686619
2009-10,60.29392348176212,64.72891925789085,54.30921540405605,51.81380129829706,58.29492487438318,68.07537425038318
2009-11,44.95966716760572,61.75138034049374,42.48576008463765,49.85039719497588,47.51290457102313,63.59680432010905
2009-12,65.02919499540099,61.16149870918546,52.42691280091402,49.80139992764132,68.7089144295347,63.04643452802295
2010-01,421.8143697651637,92.60879079098258,386.3251024369999,79.86527487678501,447.8138124562088,96.94823097942377
2010-02,198.0657142126791,105.3698918493321,173.2452443863334,91.51125147987419,194.8871882041988,109.6677718478295
2010-03,88.90154811526709,108.1118633757782,89.54348013561787,96.12513411297157,96.76707307270958,113.0911795502418
2010-04,87.80973065435388,108.2445147271407,71.09356396546796,95.79687985809379,93.37783319578166,114.0769203806824
2010-05,64.10514044762634,106.9071565084245,61.01055794112483,95.68128733762221,64.75499807975763,111.639840718911
2010-06,53.64293995338101,105.5847650687539,55.28126507290619,94.8928383318841,56.51870336164171,109.8475597529845
2010-07,45.19740930498924,103.0035984141231,44.45730068970951,92.44595039384826,45.69572902422816,106.9812305927554
2010-08,94.6590722030053,107.4048251354858,79.05982380402925,96.10077704155715,112.8555770701858,112.8053012612214
2010-09,46.75275404638355,105.9359553623015,39.33113790317153,95.71411371874736,47.70860923265684,111.2413556310258
2010-10,79.34613184658062,107.523639392703,75.45718233706144,97.47644429649779,90.35599063767424,113.9131111113001
2010-11,112.4592424861821,113.1486040025844,121.495639622874,104.0606009246842,125.9927092245423,120.4530948324267
2010-12,108.9225668401034,116.8063849896429,113.5562245268291,109.1547102351771,116.4682867194257,124.4330425232509
2011-01,154.1846839802156,94.5039111742306,158.82750653423,90.19657724327959,167.22672642065,101.050785353621
2011-02,75.17138241329306,84.2627168576151,81.38525426389317,82.54157806640957,79.37636666126147,91.42488355837627
2011-03,62.6148581327312,82.07215935907044,68.92090498962222,80.8230301375766,53.50460850158421,87.81967817744915
2011-04,46.77226191405497,78.65237029737887,48.09144884731428,78.9061872110638,43.61856039766126,83.67307211093912
2011-05,45.8432727176978,77.13054798655149,39.58092478120002,77.12038444773673,51.70480035325627,82.58555563373066
2011-06,40.81832072232621,76.06182971729693,29.58415141916224,74.97895830992472,46.65118868197234,81.76326274375822
2011-07,37.67713731831714,75.43514038507425,24.04539376642705,73.27796606631786,38.04971030254517,81.1260945169513
2011-08,34.36617129386257,70.41073197597902,32.00841177924438,69.35701506425245,35.06878408606303,74.6438617682744
2011-09,44.60722872136968,70.23193819889453,27.10225347665296,68.33794136204257,46.91008388677266,74.57731798945072
2011-10,36.86279526853329,66.69166015072392,33.63919071853337,64.85310872716524,35.70375036539244,70.02296463342724
2011-11,43.73089275326561,60.96429767298088,35.73785880460006,57.70662699230908,55.33495821223116,64.13481871573465
2011-12,42.34840252247452,55.41645064651181,20.68603028720669,49.9674441390072,32.20155737854146,57.11259127066096
2012-01,42.8222611176007,46.13624874129389,29.03473489505048,39.15137983574224,36.52349904449832,46.22065565598165
2012-02,37.8610358886177,43.02705319757095,24.83291058517934,34.43868452918276,31.17001354565836,42.20345956301473
2012-03,39.40333787477294,41.0927598427411,29.00483359713662,31.11234524647563,36.94195904319527,40.82323877481564
2012-04,55.7237589979923,41.8387179330692,47.44286543430663,31.05829662872499,50.83417455533726,41.42453995462198
2012-05,28.75264533877476,40.41449898482562,19.55657773638396,29.38960104165698,29.71504962665649,39.59206072740533
2012-06,46.39656132903555,40.87935236871807,42.37704395955165,30.45567542002277,38.82301003769178,38.93971250704862
2012-07,36.46544117732739,40.77837769030225,32.35013436657471,31.14773713670174,36.94034806308029,38.84726565375988
2012-08,25.31855052493962,40.02440929289201,35.14407326695326,31.40904226067748,22.60666244637899,37.80875551711954
2012-09,38.79158553594584,39.53977236077336,46.94678325542274,33.06275307557496,33.05667635016594,36.65430488906898
2012-10,28.9617817263679,38.88135456559291,24.36433648103866,32.28984855578373,26.72165336288634,35.9057968055268
2012-11,31.03913808323887,37.82370834309068,28.77641216703832,31.70972800265359,28.95883888276396,33.70778686140454
2012-12,28.90086475071939,36.70308019544441,23.03345328206089,31.90534658555811,28.24998244964865,33.37848895066347
2013-01,41.28807204861384,36.57523110636217,43.2750595056437,33.09204030310755,40.6126803276209,33.71925405759035
2013-02,55.80793326148048,38.07080588743408,50.56033414595741,35.23599226650571,51.10800570573575,35.38075340426347
2013-03,29.44635518020919,37.24105732955376,21.3939895280157,34.60175526074563,27.72646235193366,34.61279534665834
2013-04,38.47995423694989,35.8040735994669,35.839960463758,33.63484651319992,32.39500513663562,33.07619789509987
2013-05,37.38604317232889,36.52352341892973,24.01736822708216,34.00657905409143,34.959636459955,33.51324679787474
2013-06,27.34295089656721,34.93572254955738,20.58116789456104,32.19025604867555,24.67121971647743,32.33393093777354
2013-07,34.30619257590625,34.75578516610561,26.45533545782827,31.69902280628001,36.75795806493942,32.3187317712618
2013-08,46.8236145453919,36.54787383447664,43.6328306355377,32.40641925366205,46.31073636050325,34.2940712641055
2013-09,35.04741723068716,36.23585980903841,36.10276809290032,31.50275132345185,38.82944014153832,34.77513491338652
2013-10,64.32375907872702,39.18269125506834,62.17225664162025,34.65341133683365,67.45439433725534,38.16952999458394
2013-11,80.55683181575289,43.30916573277784,82.95872054538675,39.16860370169601,85.32188332086915,42.86645036442604
2013-12,61.45088598534363,46.02166750232987,54.28086507998992,41.77255468485676,68.0373585985949,46.1820650435049
2014-01,47.16680661998367,46.51156204994402,33.84424787649777,40.98665371576127,46.57394354520461,46.67883697830354
2014-02,39.86037892572021,45.18259918863066,45.72664198304265,40.58384603551838,43.14049114308797,46.01487743141622
2014-03,25.25639627526606,44.83343594655206,23.27068872078763,40.74023763491604,27.49094471058229,45.99525096130361
2014-04,29.60987734574655,44.09426287228512,24.90955223784585,39.82937028275669,23.90945727418309,45.2881219727659
2014-05,75.52253319221067,47.27230370727526,66.76449050108835,43.39163047225721,84.12013522784186,49.38483020342314
2014-06,34.78769500173956,47.89269904937296,34.42992214116919,44.54569332614122,38.00473232945448,50.49595625450456
2014-07,40.30151683204566,48.39230940405125,38.90620847420169,45.58326607750568,41.52999003544881,50.89362558538034
2014-08,45.45061363550222,48.27789266156045,55.41406028942061,46.56503521532925,54.58034133005082,51.58275933284264
2014-09,34.97754449289589,48.27206993341117,32.57784050431581,46.27129124961387,33.01570749047943,51.09828161192106
2014-10,77.33989053528136,49.3567475547907,59.51482523019453,46.04983863199507,81.36826232503897,52.25777061090304
2014-11,48.38060318421581,46.67539516882928,47.39814303505479,43.08645717280073,55.9940337475694,49.81378314646139
2014-12,52.62900176923697,45.94023815082039,47.51418288772528,42.52256699011201,50.43030133612284,48.34652837458871
2015-01,65.91049190215891,47.50221192433499,64.09555502480387,45.04350925247085,69.1091633471864,50.2244633580872
2015-02,24.35887823987395,46.21042020051448,15.76315858507908,42.54655230264056,23.19976677016982,48.56273632701069
2015-03,39.8832790963497,47.42932710227144,42.43358344091683,44.14346019598465,43.57153718870727,49.90278570018777
2015-04,51.87175248027575,49.2844833634822,48.95918822633895,46.14759652835908,55.12701750984048,52.50424905315922
2015-05,34.20843624033279,45.84164195082571,18.83659263361924,42.15360503940332,28.43400949417481,47.86373857535363
2015-06,60.4499388286331,47.98016226973351,64.12026966229645,44.62780066616393,43.18008207166653,48.29501772053796
2015-07,39.07387565569476,47.87785883837094,42.34258648975045,44.91416550079299,35.95304418598096,47.8302722330823
2015-08,58.37879423854835,48.95520722195811,54.82229536227947,44.86485175686457,55.27759232461332,47.88837648262918
2015-09,29.1405410753107,48.46879027049267,34.10743547810264,44.99231800468013,34.39069636062425,48.00295888847459
2015-10,39.43414683667188,45.30997829560855,36.74691641999183,43.09499227049657,32.93519829847386,43.96687021959416
2015-11,53.2788039707559,45.71816169448689,47.06229248915297,43.06700472500476,59.9408121336301,44.29576841843255
2015-12,58.69616251580292,46.22375842336739,59.77412894912306,44.08866689678791,46.34074378043217,43.95497195545833
2016-01,114.745383190533,50.29333269739857,144.5319979559954,50.79170380772053,106.5979089805741,47.07903409157398
2016-02,59.56719041119371,53.22735871167521,79.74715450042616,56.12370346733278,51.24243845659544,49.41592339877611
2016-03,45.37226328430071,53.68477406067114,47.05864363228228,56.50912514994658,33.74184090925751,48.5967820421553
2016-04,40.62537439413706,52.74757588682625,41.45993087058331,55.88418703696694,33.30068592038631,46.77792107636745
2016-05,45.68819465420106,53.70422242131526,36.81153047175779,57.38209852347848,33.0952558555439,47.16635827314821
2016-06,59.69955250195601,53.64169022742551,63.91984877094218,57.36539678253229,50.39754027903101,47.76781312376192
2016-07,49.69237015205083,54.52656476878851,50.8428414350317,58.07375136130573,44.12994812337951,48.4492217852118
2016-08,50.04881379454989,53.83239973178865,56.13863360978082,58.18344621526418,44.00054105269925,47.50946751255228
2016-09,37.85725876235357,54.55879287237556,40.63331007270759,58.72726909814793,32.63674271094768,47.36330470841258
2016-10,38.34746001457079,54.46823563720045,38.07751318997536,58.83815216231321,40.4144688510833,47.98657725446336
2016-11,50.15217452076403,54.20768318303447,34.98759905005205,57.8319277090548,45.43566122840357,46.77781467902782
2016-12,40.75188937204334,52.71232708772117,37.60055751593057,55.98413008962211,41.31676681157424,46.35914993162299
2017-01,46.35012561471575,47.01272228973639,34.1851383512105,46.78855845589003,39.91152527186492,40.80195128923055
2017-02,35.57227750993643,45.01314621463163,37.26567998597002,43.24843557968535,35.47767243654368,39.48822078755958
2017-03,57.25982461133774,46.00377632521804,52.93439254550373,43.7380813224538,58.43049576079655,41.5456086918545
2017-04,44.70479029638747,46.34372765040558,42.46095180295444,43.82149973348473,40.17395353566358,42.11838099312759
2017-05,22.90113245447887,44.44480580042872,20.3990458862421,42.45379268469176,24.05667736079396,41.36516611856511
2017-06,39.6918076483537,42.7774937292952,34.58359663242513,40.009105006482,38.47813739500095,40.37188254489593
2017-07,44.002550948646,42.30334212901147,40.05172886838065,39.10984562592775,44.31329748931457,40.38716165872385
2017-08,38.72786655347628,41.35992985892199,52.80228850937787,38.83181686756083,29.57160297912515,39.18475015259268
2017-09,39.15688475220472,41.46823202474292,39.73841017837178,38.75724187636618,35.51772727290257,39.42483219942226
2017-10,32.54905245807271,40.98503139503475,29.70267922897588,38.05933904628289,29.94935878766209,38.55273969413715
2017-11,47.61733914556416,40.7737951137681,46.51952192239505,39.02033261897814,36.5737736332138,37.81424906120467
2017-12,54.14324874864821,41.88974172848517,53.53117063079446,40.34788371188347,43.85840763764895,38.02605246337756
2018-01,154.3107460337802,50.88646009674054,138.8301242031418,49.06829919954441,163.8079781365669,48.35075686876939
2018-02,77.5018313832342,54.38058958618203,88.10682632375737,53.30506139436002,64.33781303788307,50.75576858554768
2018-03,76.83229042998998,56.01162840440304,69.7283118147286,54.70455466679542,66.52385820967478,51.43021545628753
2018-04,87.78466245154722,59.60161775066635,91.27474631938995,58.77237087649838,61.29647318552306,53.19042542710915
2018-05,82.26065402086996,64.54824454786561,80.93853808781503,63.81732855996281,57.04160454740245,55.93916935932652
2018-06,66.07993846067843,66.74725544889267,56.02122283612304,65.60379741027096,55.61745412233903,57.36744575327137
2018-07,89.22254357940577,70.51558816812265,98.92194719064398,70.50964893712624,83.25772387075902,60.61281461839175
2018-08,60.53005207297132,72.3324369614139,74.29516160469156,72.30072169506904,63.08394100168289,63.40550945360489
2018-09,51.66054124302569,73.374408335649,49.91428793011541,73.14871150771434,52.61234605179362,64.83006101851248
2018-10,70.93546239876035,76.5732758307063,64.3862270453969,76.03900715908276,57.33711813683767,67.11237429761043
2018-11,83.89201622761713,79.59616558754404,79.60186220711272,78.7958688494759,71.77067047355482,70.04544903430552
2018-12,72.00295500539417,81.08447444227286,63.80980589840034,79.65242178844306,57.3217549421498,71.16739464301392
2019-01,72.14161772722856,74.23704708339356,69.96176950807052,73.91339223052044,72.28735795806574,63.54067629480549
2019-02,115.0615370010828,77.36702255154762,125.8788070488839,77.06105729094766,108.3578142827064,67.2090097318741
2019-03,64.1831099782492,76.31292418056923,61.35746344347771,76.36348659334341,59.73967702947849,66.64366130019108
2019-04,57.60752204853367,73.7981624803181,61.12425293077862,73.85094547762581,48.19335555914203,65.55173483132599
2019-05,48.92669449602766,71.02033251991456,59.40616123520896,72.05658073990864,45.39753626749707,64.58139580800055
2019-06,101.1787561846369,73.9452339969111,109.5660904739412,76.51865304306016,82.26836344788595,66.8023049184628
2019-07,84.21039731588469,73.52755514161768,91.13816027380912,75.8700041333239,78.03560961963832,66.3671287308694
2019-08,66.36982900605439,74.01420321937461,72.39188050096584,75.71139737468009,56.23655924733871,65.79651358467406
2019-09,84.19651312272063,76.72553420934918,89.34365708203357,78.99717813733994,79.96222930618964,68.07567052254039
2019-10,84.86432182602216,77.88627249495433,103.4467202987912,82.25221924178948,80.41369518509973,69.99871860989556
2019-11,71.52226354943694,76.85545977177266,83.12779675249867,82.54604712057164,77.97820706203679,70.5160133256024
2019-12,89.51012292317914,78.31439043158807,106.106131039884,86.07074088236196,76.28978275643823,72.09668231012643
2020-01,77.89208792756413,78.79359628161603,75.3188022979079,86.51716028151507,47.96483490163042,70.06980538875682
2020-02,71.77579532027126,75.1864511415484,72.15456331033083,82.04013996996899,58.68672504964358,65.93054795266825
2020-03,107.3372405008955,78.78262868510225,142.2281453972661,88.77936346611801,106.1615318416317,69.799035853681
2020-04,146.5008519373642,86.19040617583813,190.7363769872207,99.58037380415486,154.4792481474662,78.6561935693747
2020-05,95.58130682703778,90.07829053675566,125.3214470650284,105.0733142899731,96.568889099667,82.92047297205552
2020-06,134.1800047733643,92.82839458581627,172.6816757339083,110.3329463949704,144.8210713329469,88.13319862914393
2020-07,103.3227360773943,94.42108948260874,125.6231947379373,113.2066992669811,93.1985234520483,89.39677478184477
2020-08,94.35037497158578,96.752801646403,100.6832949487492,115.5643171376297,83.3921603709568,91.65974154214626
2020-09,114.5901945335976,99.28560843064275,141.0295436869732,119.871474354708,118.7375004068267,94.89101413386602
2020-10,105.5436097485236,101.0088824241845,123.0214960520105,121.5027056674763,102.6407678839011,96.74327019209947
2020-11,79.79647828065346,101.6984003184526,80.55533040890222,121.2883334721765,78.23465763472281,96.76464107315662
2020-12,123.3748195850343,104.5204583736072,138.222806827908,123.9647231211786,101.9111023709144,98.89975104102966
2021-01,98.48741654345356,106.2367357582646,91.6478365258732,125.325475973509,98.25514952614334,103.0906105930724
2021-02,129.1463932141013,111.0176189160838,128.6102273482614,130.0301146433365,121.8182907337957,108.3515744000851
2021-03,89.12212703598611,109.499692794008,89.7169408599794,125.654180931896,85.83499381700028,106.6576962313658
2021-04,117.7738133295223,107.1057729100212,126.2629045736373,120.2813915640974,116.3663950341561,103.4816251385899
2021-05,106.8081557533723,108.0413436538824,125.2633800592737,120.2765526469511,102.6026606981035,103.9844394384597
2021-06,150.7281531604224,109.4203560194706,160.0001800473905,119.2197613397413,139.3796211563353,103.5309852570754
2021-07,634.638616938615,153.6966794245723,535.6084986285232,153.3852033306235,790.6766895098361,161.654165761891
2021-08,192.5115108392643,161.8767740802122,189.8422998144912,160.8151204027687,182.2895305153026,169.8956132739198
2021-09,538.2568290491156,197.1823269565053,533.9688626322618,193.5600636482094,442.429525636127,196.8699487096949
2021-10,367.644823663366,219.0240947827422,355.68795906529,212.9489355659827,329.1616087889769,215.7466854517845
2021-11,198.9370409140893,228.9524750021952,211.3534399511212,223.8487780278342,174.3325483481392,223.7548430112359
2021-12,245.690620889885,239.1454584442661,238.3574280392465,232.1933297954458,252.4731347074916,236.301679039284
2022-01,208.6769707873654,248.3279212979254,180.4996371424965,239.5976465134977,221.6897477057549,246.5878955542516
2022-02,134.2297941185915,248.7515380399662,128.1318061925461,239.5577780838548,136.5827536816357,247.8182674665716
2022-03,122.4014043697074,251.5248111511097,122.2647340746593,242.2700941850781,123.6942927814102,250.973209046939
2022-04,120.6647385649595,251.7657215873961,108.3067806063902,240.7737505211409,111.3238370592688,250.5529958823651
2022-05,162.2945638611735,256.3895889297129,163.5204445576204,243.9618392293364,152.6621345006199,254.7246186992415
2022-06,141.2459864525334,255.5994083707221,146.9948223791229,242.8780594236474,113.6626901966822,252.5815411192704
2022-07,149.5628382163488,215.1764268105333,162.004771502699,211.7444154964954,158.5060057507192,199.9006508060106
2022-08,82.28556258689268,205.9909311228356,89.78294438660858,203.4061358775052,76.55491398296748,191.0894327616494
2022-09,114.1775490043902,170.6509911191085,121.757070191297,169.0551531740915,110.6042516132213,163.4373265930739
2022-10,250.1468506093574,160.8594933646078,277.8000674245573,162.5644955373638,250.0633535171416,156.845805320421
2022-11,135.8628568799059,155.6033113617592,131.8004964036917,155.935083575078,129.3978549136624,153.1012475342146
2022-12,160.0491566171617,148.4665226723656,192.4575284237387,152.1100919404523,145.9537437164522,144.2246316182946
2023-01,308.0925191167003,156.7511516998102,334.6540374639751,164.9562919672422,250.8196403347175,146.6521226707082
2023-02,225.691177226375,164.3729336254588,218.3442375853419,172.4739945833085,203.9704868840007,152.2677671042386
2023-03,255.3246128170025,175.4498676627334,240.4216982794562,182.3204082670416,221.9885555058942,160.4589556646123
2023-04,217.3862882106719,183.5099967998761,211.1274453118208,190.8887969924941,151.8548562342262,163.8365405958587
2023-05,262.2554456967006,191.8400702861701,277.8373510490522,200.4152058667802,164.153687942759,164.7941700493703
2023-06,158.802553772372,193.3031175628232,148.7564548461504,200.5620085723657,113.0865202853648,164.7461558900939
2023-07,176.2004141836945,195.5229155601021,173.8852439089809,201.5520479395559,126.5535185898067,162.0834486266845
2023-08,171.8771668051347,202.9888825782889,173.8255982674568,208.5556024296266,139.5990023964136,167.3371226611384
2023-09,251.1435813014045,214.4027186030401,268.8598278581491,220.8141655685309,197.6859573303993,174.5939314709032
2023-10,272.5944915952759,216.2733553518666,244.918582949755,218.0740418622974,214.17274727188,171.6030476171314
2023-11,179.3177915640534,219.8945999088789,174.9247808296803,221.6677322311298,127.0667629049673,171.4087899497401
2023-12,185.2833050287226,221.9974456098423,172.3019571680513,219.9881012931558,131.21878560183,170.1808767735216
2024-01,146.9755848145996,208.5710344180006,153.1840382135121,204.8656013556172,138.6679640869027,160.8349037528704
2024-02,169.4015241400998,203.8802299941443,172.245981411199,201.024080007772,166.826671494267,157.7395858037259
2024-03,518.2390726174389,225.7897683108473,651.0587712508121,235.2438360887183,564.1802582285046,186.2555610306101
2024-04,232.0722784829491,227.0136008335371,291.6677862952058,241.9555311706671,238.1717005946435,193.4486313939782
2024-05,181.601841950519,220.292467188022,203.9663916438134,235.7996178868972,176.255926536609,194.4571512767991
2024-06,198.0474728371973,223.5628771100908,215.3510739330693,241.3491694774738,171.1908130139782,199.2991756708502
2024-07,120.6838807681093,218.9364993254587,144.7463381573258,238.9209273315025,120.1342918021141,198.7642401052091
2024-08,132.6681086717853,215.6690778143462,144.8799938992007,236.5087936341478,109.7859178577217,196.2798163936515
2024-09,247.2546978123172,215.3450041902556,283.5470576305812,237.7327294485172,252.6178022400305,200.8574701361207
2024-10,192.0030486526962,208.6290506117073,220.6466121334653,235.7100652138264,181.4448190023043,198.1301427803228
2024-11,188.6094250419959,209.4033534015358,234.2928649485083,240.657405557062,183.9493514131213,202.8703584893356
2024-12,188.1390632256356,209.6413332512786,215.7471588116842,244.2778390273648,197.8309167745285,208.4213694203937
2025-01,231.3960468899618,216.6763717575588,263.0143006426742,253.4303608964616,223.3251569277643,215.4761354904656
2025-02,167.5307076732195,216.5204703853188,205.5413998457721,256.2049790993427,162.2140886455475,215.0917535864056
2025-03,143.2929023371707,185.2749561952964,188.8763134968891,217.6897742865158,139.5917776525201,179.7093802050736
2025-04,176.628173173881,180.6546140862074,218.4766109172175,211.5905096716834,158.4853972217022,173.0688549239951
2025-05,171.3288681120987,179.7985329330057,207.6511081034449,211.8975693766527,156.6061714171948,171.4313753307106
2025-06,212.3151141475748,180.9875030422038,276.0168329012323,216.9530492906663,218.5945123528814,175.3816836089526
2025-07,140.7688329662644,182.6612490587167,174.6059509119779,219.441350353554,146.1296219310933,177.5479611197008
2025-08,131.771591405503,182.5865392865266,163.0853080001223,220.9584598619641,140.7211074279409,180.1258935838857
2025-09,124.1885445231918,172.3310265124328,158.4107223955294,210.5304319257098,135.5881929717013,170.3734261448583
2025-10,110.5376081059377,165.5422398002029,147.404423981882,204.4269162464112,113.0930773898749,164.6774476771559
2025-11,117.4382270026621,159.6113066302584,151.8243911686325,197.5545434314215,128.1665984890673,160.0288849334847
2025-12,168.5551699929812,157.9793155275372,225.4940721294835,198.3667862079048,171.8893921451138,157.8670912143668
2026-01,109.0360120206306,147.7826459550929,135.8100441399111,187.7664314993412,101.3269873093517,147.7005770794991
2026-02,108.644958977881,142.8755002304814,143.4322415475676,182.5906683078242,104.1154305580209,142.8590222388719
2026-03,97.39780478753822,139.050908768012,113.9812542360562,176.3494133694215,112.6245709549022,140.6117550140704
2026-04,103.5799118937802,132.963553661337,114.0317255482531,167.6456729220077,110.3430668341154,136.5998941484382
2026-05,75.35477115750876,124.9657122484545,87.60535465675251,157.6418601347834,74.75940850404906,129.7793305723427
2026-06,160.3985427328176,120.6393312972247,185.6246057847844,150.1091745417461,107.6961107285963,120.5377971036522
2026-07,86.5661556392125,116.1224415199704,100.868701634536,143.9644037686259,74.12541910011655,114.5374468677375
2026-08,124.6879009142646,115.5321339790339,52.44735979457518,134.744574751497,110.719651154786,112.0373255116413
2026-09,139.2702155270671,116.7889398960235,12.1605488869028,122.5570602924448,138.6000995396188,112.2883177256344
